https://stylus.ua/uk/fujifilm-instax-mini-evo-black-16745157-p1123205c90.html,June_2_Daily Draw_1_296х296
https://www.ctrs.com.ua/naushniki/garnitura-igrovaya-asus-rog-delta-s-usb-type-c-682281.html,June_2_Daily Draw_2_296х296
https://bt.rozetka.com.ua/ua/casio-ecb-30db-1a9ef/p455608414/,June_2_Daily Draw_3_296х296
https://stylus.ua/uk/xiaomi-redmi-pad-pro-6128gb-graphite-gray-global-p1304391c518.html,June_3_Daily Draw_1_296х296
https://rozetka.com.ua/ua/pocketbook-pb700-u-16-ww/p354412131/,June_3_Daily Draw_2_296х296
https://stylus.ua/uk/marshall-loudspeaker-acton-ii-white-1001901-p535784c721.html,June_3_Daily Draw_3_296х296
https://stylus.ua/uk/samsung-galaxy-watch-7-40mm-cream-with-cream-sport-band-sm-l300nzea-p1326530c1512.html,June_4_Daily Draw_1_296х296
https://www.ctrs.com.ua/portativnye-zaryadnye-stancii/zaryadna-stantsiya-bluetti-eb3a-268-vtg600-vt-710571.html,June_4_Daily Draw_2_296х296
https://rozetka.com.ua/ua/marshall-1005544/p428994275/,June_4_Daily Draw_3_296х296
https://www.moyo.ua/ua/smartfon_samsung_galaxy_m35_5g_6_128gb_gray_sm-m356blbbeuc_/584806.html,June_5_Daily Draw_1_296х296
https://www.ctrs.com.ua/naushniki/naushniki-akg-k371-bt-719906.html,June_5_Daily Draw_2_296х296
https://rozetka.com.ua/ua/fujifilm-16823519/p433298438/,June_5_Daily Draw_3_296х296
https://rozetka.com.ua/ua/philips-32pfs6109-12/p457761869/,June_6_Daily Draw_1_296х296
https://www.ctrs.com.ua/ru/akustika/saundbar-samsung-hw-b650dua-751264.html,June_6_Daily Draw_2_296х296
https://www.ctrs.com.ua/portativnye-zaryadnye-stancii/zaryadna-stantsiya-jackery-explorer-240-v2-256-vtg300-vt-759792.html,June_6_Daily Draw_3_296х296
https://ktc.ua/goods/planshet_xiaomi_redmi_pad_pro_6128gb_ocean_blue__vhu4733eu.html,June_7_Daily Draw_1_296х296
https://bt.rozetka.com.ua/ua/casio-ecb-30db-1a9ef/p455608414/,June_7_Daily Draw_2_296х296
https://rozetka.com.ua/ua/umb_powerplant_k2_50000_mah_grey_dv00fb0003/p6274515/,June_7_Daily Draw_3_296х296
https://www.moyo.ua/ua/smartfon_samsung_galaxy_m35_5g_6_128gb_light_blue_sm-m356bzabeuc_/642507.html,June_8_Daily Draw_1_296х296
https://stylus.ua/uk/fujifilm-instax-mini-evo-black-16745157-p1123205c90.html,June_8_Daily Draw_2_296х296
https://rozetka.com.ua/ua/pocketbook-pb700-u-16-ww/p354412131/,June_8_Daily Draw_3_296х296
https://rozetka.com.ua/ua/huion_wh1409v2/p62983709/,June_9_Daily Draw_1_296х296
https://bt.rozetka.com.ua/ua/casio-ecb-10db-1a9ef/p461199034/,June_9_Daily Draw_2_296х296
https://rozetka.com.ua/ua/umb_powerplant_k2_50000_mah_grey_dv00fb0003/p6274515/,June_9_Daily Draw_3_296х296
https://www.ctrs.com.ua/televizory/ue32t4500auxua-samsung-664002.html,June_10_Daily Draw_1_296х296
https://rozetka.com.ua/ua/planshet-lenovo-tab-m11-4-128gb-lte-casepluspen/g54179604/,June_10_Daily Draw_2_296х296
https://rozetka.com.ua/ua/huawei-gt4-46-mm-green/p405124266/,June_10_Daily Draw_3_296х296
https://rozetka.com.ua/ua/razer-rz04-04530200-r3m1/p382059288/,June_11_Daily Draw_1_296х296
https://rozetka.com.ua/ua/fujifilm-16823519/p433298438/,June_11_Daily Draw_2_296х296
https://stylus.ua/uk/marshall-emberton-iii-black-and-brass-1006884-p1396517c721.html,June_11_Daily Draw_3_296х296
https://hard.rozetka.com.ua/ua/samsung-ls27bg400eixci/p359262681/,June_12_Daily Draw_1_296х296
https://www.moyo.ua/ua/proektor_aopen_qf13_lcd_fhd_6000_led_lm_led_/536677.html,June_12_Daily Draw_2_296х296
https://bt.rozetka.com.ua/ua/casio-gm-s2110-3aer/p449073086/,June_12_Daily Draw_3_296х296
https://ti.ua/ua/planshet-lenovo-tab-m11-8-128-lte-seafoam-green-pen-zadb0312ua.html,June_13_Daily Draw_1_296х296
https://rozetka.com.ua/ua/umb_powerplant_k2_50000_mah_grey_dv00fb0003/p6274515/,June_13_Daily Draw_2_296х296
https://ti.ua/ua/smart-chasy-samsung-galaxy-watch-7-sm-l310nzga-44mm-green-global.html,June_13_Daily Draw_3_296х296
https://www.moyo.ua/ua/smartfon_samsung_galaxy_m35_5g_6_128gb_dark_blue_sm-m356bdbbeuc_/584805.html,June_14_Daily Draw_1_296х296
https://rozetka.com.ua/ua/jbl-jblq910pwlwhtblu/p375582282/,June_14_Daily Draw_2_296х296
https://stylus.ua/uk/marshall-kilburn-ii-grey-1001897-p535780c721.html,June_14_Daily Draw_3_296х296
https://ktc.ua/goods/elektronna_kniga_pocketbook_pb700_u_16_ww.html,June_15_Daily Draw_1_296х296
https://ktc.ua/goods/planshet_samsung_galaxy_tab_a9_plus_sm_x210_8128gb_grey__sm_x210nzaesek.html,June_15_Daily Draw_2_296х296
https://rozetka.com.ua/ua/jbl-jblcharge5wifiblk/p381991578/,June_15_Daily Draw_3_296х296
https://www.moyo.ua/ua/planshet_lenovo_tab_k11_plus_wifi_8_256gb_luna_grey/626247.html,June_16_Daily Draw_0_296х296
https://ti.ua/ua/fotoapparat-polaroid-now-gen-3-white-color-film-bundle-8-photos.html,June_16_Daily Draw_1_296х296
https://www.ctrs.com.ua/portativnye-foto-printery/fotokamera-mittevogo-druku-fujifilm-instax-mini-99-black-745128.html,June_16_Daily Draw_2_296х296
https://www.ctrs.com.ua/naushniki/apple-airpods-4-anc-752178.html,June_16_Daily Draw_3_296х296
https://www.ctrs.com.ua/smartfony/oneplus-nord-ce-3-lite-5g-5011102564-8128-chromatic-gray-731534.html,June_17_Daily Draw_1_296х296
https://www.ctrs.com.ua/akustika/akustika-marshall-portable-loudspeaker-stockwell-ii-black-and-brass-1005544-743291.html,June_17_Daily Draw_2_296х296
https://ktc.ua/goods/batareya_universalna_sandberg_survivor_powerbank_7in1_72000mah_60w_black__420_64.html,June_17_Daily Draw_3_296х296
https://www.ctrs.com.ua/televizory/32lq630b6la-lg-708818.html,June_18_Daily Draw_1_296х296
https://www.ctrs.com.ua/smart-chasy/smart-chasy-garmin-forerunner-165-silikonovyy-remeshok-tsveta-tumanno-seryybelyy-kamen-764626.html,June_18_Daily Draw_2_296х296
https://www.ctrs.com.ua/elektronnie-knigi-1/pocketbook-700-era-stardust-silver-713481.html,June_18_Daily Draw_3_296х296
https://hard.rozetka.com.ua/ua/dell-210-bmjb/p435637937/,June_19_Daily Draw_1_296х296
https://www.moyo.ua/ua/fotobumaga-fujifilm-instax-mini-eu-2-glossy-54kh86mm-2kh10sht/448929.html,June_19_Daily Draw_2_296х296
https://www.moyo.ua/ua/fotoprinter_canon_selphy_cp-1500_pink_5540c010/526241.html,June_19_Daily Draw_2_296х296_1
https://rozetka.com.ua/ua/razer-rz04-05170100-r3m1/p447401621/,June_19_Daily Draw_3_296х296
https://rozetka.com.ua/ua/samsung_ue32t4510auxua/p200449609/,June_20_Daily Draw_1_296х296
https://rozetka.com.ua/ua/huawei-gt-4-46-mm-black/p405128073/,June_20_Daily Draw_2_296х296
https://www.ctrs.com.ua/akustika/akustika-harman-kardon-onyx-studio-9-black-762471.html,June_20_Daily Draw_3_296х296
https://ktc.ua/goods/garnitura_jbl_quantum_one_black__jblquantumoneblk.html,June_21_Daily Draw_1_296х296
https://ti.ua/ua/smartfon-samsung-galaxy-a25-5g-256gb-blue-ua.html,June_21_Daily Draw_2_296х296
https://ti.ua/ua/elektronnaya-kniga-amazon-kindle-paperwhite-12th-gen-2024-32gb-signature-edition-metallic-black.html,June_21_Daily Draw_3_296х296
https://www.ctrs.com.ua/smart-chasy/smart-chasy-huawei-watch-gt-4-46mm-active-black-732219.html,June_22_Daily Draw_1_296х296
https://www.ctrs.com.ua/monitory/monitor-lenovo-27-e27q-20-62d0gat1ua-733348.html,June_22_Daily Draw_2_296х296
https://www.ctrs.com.ua/portativnye-foto-printery/fotoprinter-fujifilm-instax-link-wide-a-white-ex-d-710592.html,June_22_Daily Draw_3_296х296
https://www.ctrs.com.ua/aksessuary-dlya-foto-printerov/fotobumaga-fujifilm-colorfilm-instax-regglossy-108kh86mm-2kh10sht-675181.html,June_22_Daily Draw_3_296х296_1
https://www.ctrs.com.ua/smartfony/m356b-dbb-dark-blue-samsung-6128gb-745575.html,June_23_Daily Draw_1_296х296
https://stylus.ua/uk/marshall-stockwell-ii-grey-1001899-p535778c721.html,June_23_Daily Draw_2_296х296
https://stylus.ua/uk/zaryadnaya-stanciya-ecoflow-river-2-256wh-71111mah-300w-grey-eu-river2-p1043224c15738.html,June_23_Daily Draw_3_296х296
https://ti.ua/ua/smart-chasy-garmin-vivoactive-5-slate-aluminum-bezel-with-black-case-and-silicone-band-010-02862-10.html,June_24_Daily Draw_1_296х296
https://ti.ua/ua/planshet-lenovo-tab-p11-plus-4-64gb-wi-fi-slate-grey-za940306-global.html,June_24_Daily Draw_2_296х296
https://www.ctrs.com.ua/monitory/monitor-vygnutyy-315-philips-325e1c00-726544.html,June_24_Daily Draw_3_296х296
https://rozetka.com.ua/ua/marshall-1005544/p428994275/,June_25_Daily Draw_1_296х296
https://bt.rozetka.com.ua/ua/casio-ecb-40mp-1aef/p428811959/,June_25_Daily Draw_2_296х296
https://ti.ua/ua/smartfon-samsung-galaxy-m35-5g-6-128gb-gray-sm-m356bzab-global.html,June_25_Daily Draw_3_296х296
https://rozetka.com.ua/ua/bluetti-poweroak-blu-ac2a/p436675091/,June_26_Daily Draw_1_296х296
https://www.moyo.ua/ua/fotokamera_momentalnoy_pechati_fujifilm_instax_wide_400_16824123_/594912.html,June_26_Daily Draw_2_296х296
https://www.moyo.ua/ua/fotobumaga-fujifilm-instax-mini-eu-2-glossy-54kh86mm-2kh10sht/448929.html ,June_26_Daily Draw_2_296х296_1
https://www.moyo.ua/ua/monitor_23_8_dell_u2424h_210-bktz_/569794.html,June_26_Daily Draw_3_296х296
https://www.ctrs.com.ua/smartfony/oneplus-nord-ce-3-lite-5g-5011102565-8128gb-pastel-lime-731535.html,June_27_Daily Draw_1_296х296
https://www.ctrs.com.ua/portativnye-foto-printery/fotokamera-mittevogo-druku-fujifilm-instax-mini-99-black-745128.html,June_27_Daily Draw_2_296х296
https://www.ctrs.com.ua/naushniki/naushniki-jbl-t660bt-chernye-685186.html ,June_27_Daily Draw_2_296х296_1
https://ti.ua/ua/smart-chasy-google-pixel-watch-2-lte-matte-black-aluminum-case-obsidian-active-band.html,June_27_Daily Draw_3_296х296
https://ti.ua/ua/planshet-lenovo-tab-p11-plus-4-64gb-wi-fi-slate-grey-za940306-global.html,June_28_Daily Draw_1_296х296
https://rozetka.com.ua/ua/bose-865983-0100/p346090456/,June_28_Daily Draw_2_296х296
https://rozetka.com.ua/ua/powerplant_pb930456/p360069348/,June_28_Daily Draw_3_296х296
https://rozetka.com.ua/ua/pocketbook-pb634k3-1-cis/p449224454/,June_29_Daily Draw_1_296х296
https://rozetka.com.ua/ua/philips_tat4556bk_00/p352027500/ ,June_29_Daily Draw_1_296х296_1
https://ti.ua/ua/fotoapparat-polaroid-now-gen-3-white-color-film-bundle-8-photos.html,June_29_Daily Draw_2_296х296
https://bt.rozetka.com.ua/ua/casio-ecb-10db-1a9ef/p461199034/,June_29_Daily Draw_3_296х296
https://www.moyo.ua/ua/planshet_lenovo_idea_tab_pro_8_256_wifi_luna_grey_pen/635285.html,June_02.06 - 08.06_Weekly Draw_1_296х296
https://rozetka.com.ua/ua/philips-50pus7409-12/p432940964/,June_02.06 - 08.06_Weekly Draw_2_296х296
https://www.ctrs.com.ua/ekshn-kamery/kamera-gopro-hero13-black-chdhx-131-rw-751843.html,June_02.06 - 08.06_Weekly Draw_3_296х296
https://rozetka.com.ua/ua/motorola-edge-50-fusion-12-512gb-forest-blue/p444135113/,June_02.06 - 08.06_Weekly Draw_4_296х296
https://www.ctrs.com.ua/smart-chasy/smart-chasy-garmin-instinct-2-grafit-764617.html,June_02.06 - 08.06_Weekly Draw_5_296х296
https://ti.ua/ua/besprovodnye-naushniki-bose-quietcomfort-ultra-wireless-headphones-diamond-60th-edition-880066-1300.html,June_02.06 - 08.06_Weekly Draw_6_296х296
https://ti.ua/ua/elektronnaya-kniga-pocketbook-700-era-color-stormy-sea-pb700k3-1-cis.html,June_02.06 - 08.06_Weekly Draw_7_296х296
https://ti.ua/ua/zaryadnaya-stantsiya-ecoflow-river-3-245-vt-ch.html,June_02.06 - 08.06_Weekly Draw_8_296х296
https://rozetka.com.ua/ua/audioengine_a1_wireless_grey/p350667249/,June_02.06 - 08.06_Weekly Draw_9_296х296
https://ktc.ua/goods/ekshn_kamera_gopro_max_2_black__chdhz_203_rw.html,June_09.06 - 15.06_Weekly Draw_1_296х296
https://ti.ua/ua/smart-chasy-samsung-galaxy-watch-ultra-sm-l705fdaa-titanium-gray-global.html,June_09.06 - 15.06_Weekly Draw_2_296х296
https://rozetka.com.ua/ua/xiaomi-1123282/p472964704/,June_09.06 - 15.06_Weekly Draw_3_296х296
https://hard.rozetka.com.ua/ua/gigabyte-gs27qxa/p485283959/,June_09.06 - 15.06_Weekly Draw_4_296х296
https://rozetka.com.ua/ua/planshet-lenovo-tab-m11-8-128gb-lte-plus-pen/g58833249/,June_09.06 - 15.06_Weekly Draw_5_296х296
https://www.ctrs.com.ua/akustika/besprovodnaya-audiosistema-panasonic-sc-ua30gs-k-704187.html,June_09.06 - 15.06_Weekly Draw_6_296х296
https://www.ctrs.com.ua/naushniki/apple-airpods-4-752177.html,June_09.06 - 15.06_Weekly Draw_7_296х296
https://rozetka.com.ua/ua/pocketbook-pb629-2-cis/p398662482/,June_09.06 - 15.06_Weekly Draw_8_296х296
https://www.ctrs.com.ua/portativnye-foto-printery/fotoprinter-fujifilm-instax-link-wide-m-gray-ex-d-751338.html,June_09.06 - 15.06_Weekly Draw_9_296х296
https://www.moyo.ua/ua/fotoapparat-panasonic-dmc-g7-14-42-black-dmc-g7kee-k/151226.html,June_16.06 - 22.06_Weekly Draw_1_296х296
https://www.moyo.ua/ua/noutbuk_hp_15s-eq2073ua_7x8m3ea_/543436.html,June_16.06 - 22.06_Weekly Draw_2_296х296
https://www.moyo.ua/ua/ekshn-kamera_gopro_hero13_black_enduro_head_strap_handler_floating_chdrb-131-rw_/600061.html,June_16.06 - 22.06_Weekly Draw_3_296х296
https://www.moyo.ua/ua/televizor_samsung_43du7100_ue43du7100uxua_/581488.html,June_16.06 - 22.06_Weekly Draw_4_296х296
https://www.moyo.ua/ua/igrovaya_pristavka_xbox_series_s/514986.html,June_16.06 - 22.06_Weekly Draw_5_296х296
https://www.ctrs.com.ua/smart-chasy/smart-chasy-garmin-instinct-2s-surf-edition-waikiki-versiya-dlya-serfinga-764616.html,June_16.06 - 22.06_Weekly Draw_6_296х296
https://rozetka.com.ua/ua/realme-13-5g-12-256gb-speed-green/p452201384/,June_16.06 - 22.06_Weekly Draw_7_296х296
https://www.ctrs.com.ua/portativnye-zaryadnye-stancii/zaryadna-stantsiya-ecoflow-river-3-245-vtg300-vt-756413.html,June_16.06 - 22.06_Weekly Draw_8_296х296
https://www.moyo.ua/ua/naushniki_jbl_tour_pro_3_black_jbltourpro3blk_/611734.html,June_16.06 - 22.06_Weekly Draw_9_296х296
https://rozetka.com.ua/ua/canon_2728c007aa/p61658924/,June_23.06 - 29.06_Weekly Draw_1_296х296
https://ti.ua/ua/noutbuk-lenovo-ideapad-3-17alc6-82kv00g2rm.html,June_23.06 - 29.06_Weekly Draw_2_296х296
https://www.ctrs.com.ua/graficheskie-planshety/graficheskiy-planshet-wacom-intuos-pro-l-656768.html,June_23.06 - 29.06_Weekly Draw_3_296х296
https://rozetka.com.ua/ua/realme-13-proplus-5g-8-256gb-emerald-green/p481201124/,June_23.06 - 29.06_Weekly Draw_4_296х296
https://rozetka.com.ua/ua/samsung-ue43du7100uxua/p420558654/,June_23.06 - 29.06_Weekly Draw_5_296х296
https://www.moyo.ua/ua/ekshn-kamera_gopro_hero12_black_chdhx-121-rw_/549333.html,June_23.06 - 29.06_Weekly Draw_6_296х296
https://www.ctrs.com.ua/naushniki/becprovodnaya-garnitura-apple-airpods-pro-2-usb-c-729213.html,June_23.06 - 29.06_Weekly Draw_7_296х296
https://ti.ua/ua/elektronnaya-kniga-pocketbook-700-era-color-stormy-sea-pb700k3-1-cis.html,June_23.06 - 29.06_Weekly Draw_8_296х296
https://www.moyo.ua/ua/graficheskiy_planshet_intuos_pro_s_ptk470k0b_/645391.html,June_23.06 - 29.06_Weekly Draw_9_296х296
https://rozetka.com.ua/ua/planshet-apple-ipad-pro-11-m4-2024-wi-fi-plus-cellular/g55235114/,June_02.06 - 08.06_Weekly Tournament_1_296х296
https://rozetka.com.ua/ua/hp-7x8e4ea/p373807101/,June_02.06 - 08.06_Weekly Tournament_2_296х296
https://rozetka.com.ua/ua/apple-mxp93ze-a/p448744757/,June_02.06 - 08.06_Weekly Tournament_3_296х296
https://rozetka.com.ua/ua/lenovo-21mqs0fa00/p440117303/,June_09.06 - 15.06_Weekly Tournament_1_296х296
https://rozetka.com.ua/ua/apple-mwwh3qh-a/p448744880/,June_09.06 - 15.06_Weekly Tournament_2_296х296
https://www.moyo.ua/ua/portativnaya_akustika_harman-kardon_onyx_studio_8_black_hkos8bluep_/610097.html,June_09.06 - 15.06_Weekly Tournament_3_296х296
https://rozetka.com.ua/ua/samsung-sm-s938bztheuc/p473275164/,June_16.06 - 22.06_Weekly Tournament_1_296х296
https://rozetka.com.ua/ua/samsung-ue43cu8510uxua/p377579982/,June_16.06 - 22.06_Weekly Tournament_2_296х296
https://rozetka.com.ua/ua/samsung-hw-b750d-ua/p435300200/,June_16.06 - 22.06_Weekly Tournament_3_296х296
https://rozetka.com.ua/ua/samsung-ue85du8000uxua/p420558684/,June_23.06 - 29.06_Weekly Tournament_1_296х296
https://rozetka.com.ua/ua/gopro-chdrb-121-rw/p399927906/,June_23.06 - 29.06_Weekly Tournament_2_296х296
https://bt.rozetka.com.ua/ua/armani-exchange-ax4182/p464025814/,June_23.06 - 29.06_Weekly Tournament_3_296х296
https://www.ctrs.com.ua/cameras/fotoapparat-sony-cyber-shot-rx10-iv-dscrx10m4ru3-696977.html,June_SuperGra_1_296х296
https://www.moyo.ua/ua/fotoapparat_fujifilm_x-t50_body_black_16828193_/583036.html,June_SuperGra_2_296х296
https://www.moyo.ua/ua/fotoapparat_canon_eos_r10_rf-s_18-150_is_stm_mount_adapter_ef-eos_r_5331c029_/514866.html,June_SuperGra_3_296х296
https://ti.ua/ua/fotoapparat-canon-powershot-g7-x-mark-iii-black.html,June_SuperGra_4_296х296
https://www.ctrs.com.ua/smartfony/iphone-16-pro-128gb-desert-titanium-apple-752252.html,June_SuperGra_5_296х296
https://www.moyo.ua/ua/planshet_apple_ipad_air_13_m3_wifi_128gb_starlight_mcnk4ty_a_2025/638149.html,June_SuperGra_6_296х296
https://rozetka.com.ua/ua/rime_lite_196692/p208020667/,June_SuperGra_7_296х296
https://rozetka.com.ua/ua/gopro-chdfb-131-eu/p447974474/,June_SuperGra_8_296х296
https://www.moyo.ua/ua/noutbuk_asus_vivobook_15_x1502va-bq139_90nb10t1-m005k0_/616475.html,June_SuperGra_9_296х296
https://rozetka.com.ua/ua/panasonic-hc-v900e-k/p467436749/,June_SuperGra_10_296х296
https://rozetka.com.ua/ua/panasonic_lumix_dmc_g7kee_k1/p5204852/,June_SuperGra_11_296х296
https://www.moyo.ua/ua/smartfon_samsung_galaxy-a56_5g_8_128gb_gray_sm-a566bzaaeuc_/635332.html,June_SuperGra_12_296х296
https://rozetka.com.ua/ua/nintendo_45496453473/p330839974/,June_SuperGra_13_296х296
https://www.ctrs.com.ua/monitory/monitor-portativnyy-asus-215-mb229cf-743916.html,June_SuperGra_14_296х296
https://www.moyo.ua/ua/televizor_lg_43uq81006lb/523187.html,June_SuperGra_15_296х296
https://www.moyo.ua/ua/ekran_2e_fiksirovannyy_bellatriks_150_/537787.html,June_SuperGra_16_296х296
https://bt.rozetka.com.ua/ua/armani-exchange-ax2454/p425536161/,June_SuperGra_17_296х296
https://www.ctrs.com.ua/naushniki/naushniki-marshall-monitor-ii-anc-black-665791.html,June_SuperGra_18_296х296
https://rozetka.com.ua/ua/pocketbook-pb700k3-1-cis/p440523428/,June_SuperGra_19_296х296
https://ti.ua/smartfon-xiaomi-redmi-note-14-8-256gb-midnight-black-1123261.html,June_SuperGra_20_296х296
https://rozetka.com.ua/ua/huawei-gt-4-46-mm-black/p405128073/,June_SuperGra_21_296х296
https://www.moyo.ua/ua/fotokamera_momentalnoyi_pechati_fujifilm_instax_mini_40_black_16696863/492005.html,June_SuperGra_22_296х296
https://www.moyo.ua/ua/fotobumaga-fujifilm-instax-mini-eu-2-glossy-54kh86mm-2kh10sht/448929.html,June_SuperGra_22_296х296_1
https://ti.ua/graficheskiy-planshet-huion-inspiroy-giano.html,June_SuperGra_23_296х296
https://rozetka.com.ua/ua/razer_rz04_02910100_r3m1/p222448465/,June_SuperGra_24_296х296
https://rozetka.com.ua/ua/puluz_mcp0056/p290568413/,June_SuperGra_25_296х296
https://rozetka.com.ua/ua/samsung-sm-x115nzaasek/p412070418/,June_SuperGra_26_296х296
https://www.moyo.ua/ua/zvezdnyy_proektor_govee_h6092_galaxy_star_projector_rgb_wi-fi_bluetooth_belyy_h6092301_/575794.html,June_SuperGra_27_296х296
https://www.moyo.ua/ua/fotoprinter_canon_selphy_cp-1500_black_5539c008/526239.html,June_SuperGra_28_296х296
https://rozetka.com.ua/ua/logitech-946-000020/p438155033/,June_SuperGra_29_296х296
https://rozetka.com.ua/ua/lenovo-gxd1n63507/p478747579/,June_SuperGra_30_296х296
https://rozetka.com.ua/ua/sony-ilce6700lbcec/p409303494/,June_SuperGra_31_296х296
https://rozetka.com.ua/ua/panasonic_dc_gh5m2lee/p380812635/,June_SuperGra_32_296х296
https://ktc.ua/goods/cifrova_fotokamera_sony_alpha_zv_e10_ii_kit_16_50mm_white__zve10m2kw_cec.html,June_SuperGra_33_296х296
https://ti.ua/ua/fotoapparat-so-smennym-obektivom-canon-eos-r8-kit-rf-24-50mm-is-stm-5803c016.html,June_SuperGra_34_296х296
https://ktc.ua/goods/peresuvnij_na_rami_elite_screens_oms150h2.html,June_SuperGra_35_296х296
https://rozetka.com.ua/ua/epson_eb_w06/p270133506/ ,June_SuperGra_35_296х296_1
https://www.ctrs.com.ua/noutbuki-i-ultrabuki/apple-macbook-air-m2-chip-13-16256-starlight-mc7w4-2024-755053.html,June_SuperGra_36_296х296
https://www.moyo.ua/ua/fotoapparat_canon_eos_r50_rf-s_18-150_is_stm_black_5811c095_/631832.html,June_SuperGra_37_296х296
https://ti.ua/smartfon-google-pixel-9-pro-xl-16-256gb-porcelain-global.html,June_SuperGra_38_296х296
https://www.moyo.ua/ua/vspyshka_canon_macro_ring_lite_mr-14_ex_ii_9389b003/410486.html,June_SuperGra_39_296х296
https://www.moyo.ua/ua/naushniki_apple_airpods_max_-_purple_mww83ze_a_/600564.html,June_SuperGra_40_296х296
https://www.moyo.ua/ua/videokamera_panasonic_hc-vx1_hc-vx1/417913.html,June_SuperGra_41_296х296
https://rozetka.com.ua/ua/gopro-chdhx-131-rw/p447996731/,June_SuperGra_42_296х296
https://ti.ua/ua/igrovaya-pristavka-sony-playstation-5-slim-digital-edition.html,June_SuperGra_43_296х296
https://www.ctrs.com.ua/graficheskie-planshety/monitor-planshet-wacom-one-12-735320.html,June_SuperGra_44_296х296
https://rozetka.com.ua/ua/real-el-el121200007/p354473457/,June_SuperGra_45_296х296
https://rozetka.com.ua/ua/sennheiser-700455-s/p495433079/,June_SuperGra_46_296х296
https://bt.rozetka.com.ua/ua/armani-exchange-410510/p359763540/,June_SuperGra_47_296х296
https://ti.ua/graficheskiy-planshet-huion-inspiroy-giano.html,June_SuperGra_48_296х296
https://rozetka.com.ua/ua/puluz_mcp0056/p290568413/,June_SuperGra_49_296х296
https://www.moyo.ua/ua/mediapleer_apple_tv_4k_128gb_wi_fi_ethernet_mn893ru_a_2022/546582.html,June_SuperGra_50_296х296
https://www.moyo.ua/ua/fotoprinter_fujifilm_instax_link_wide_m_gray_ex_d_16719586_/510006.htm,June_SuperGra_51_296х296
https://www.moyo.ua/ua/elektronnaya_kniga_pocketbook_629_mist_grey/549416.html,June_SuperGra_52_296х296
https://rozetka.com.ua/ua/steelseries-ss61676/p467446619/,June_SuperGra_53_296х296
https://www.moyo.ua/ua/saundbar_samsung_hw-c450_2_1-channel_300w_hw-c450_ua_/540672.html,June_SuperGra_54_296х296
https://rozetka.com.ua/ua/aochuan-aochuan-smarts2-b/p449447492/,June_SuperGra_55_296х296
https://rozetka.com.ua/ua/fujifilm-16802802/p399047445/,June_SuperGra_56_296х296
https://ti.ua/graficheskiy-planshet-wacom-intuos-s-bluetooth-pistachio.html,June_SuperGra_57_296х296
https://rozetka.com.ua/ua/sennheiser_509188/p318731533/,June_SuperGra_58_296х296
https://rozetka.com.ua/ua/pocketbook-pb618-p-cis/p393627645/,June_SuperGra_59_296х296
https://www.moyo.ua/ua/fitnes-braslet_samsung_galaxy_fit3_grey/570550.html,June_SuperGra_60_296х296